dataset_name,source_url,license,download_date,file_name,file_size,sha256,version,notes
Coconut Tree Disease Dataset (Mendeley Data / Patil et al.),https://raw.githubusercontent.com/zahid16-code/cocunut-disease-prediction/master/Coconut%20Tree%20Disease%20Dataset/Bud%20Root%20Dropping/BudRootDropping001.jpg,CC BY 4.0,2026-09-20 03:28:10 UTC,mendeley_coconut_disease/Bud Root Dropping/BudRootDropping001.jpg,259823,8721bae7918847643263177bd7cb71edc53cd300bd617383f7fbf70da898d339,1.0,Authentic raw sample: Bud Root Dropping
Coconut Tree Disease Dataset (Mendeley Data / Patil et al.),https://raw.githubusercontent.com/zahid16-code/cocunut-disease-prediction/master/Coconut%20Tree%20Disease%20Dataset/Bud%20Root%20Dropping/BudRootDropping002.jpg,CC BY 4.0,2026-09-20 03:28:10 UTC,mendeley_coconut_disease/Bud Root Dropping/BudRootDropping002.jpg,263628,ea270f34e4b812a7bf726ad67ec80820e56b58db3577773134c3a54ef2388ed4,1.0,Authentic raw sample: Bud Root Dropping
Coconut Tree Disease Dataset (Mendeley Data / Patil et al.),https://raw.githubusercontent.com/zahid16-code/cocunut-disease-prediction/master/Coconut%20Tree%20Disease%20Dataset/Bud%20Root%20Dropping/BudRootDropping003.jpg,CC BY 4.0,2026-09-20 03:28:10 UTC,mendeley_coconut_disease/Bud Root Dropping/BudRootDropping003.jpg,282367,b1e83eb0c0b9470ae960ac11e03f727e594b651b4a1867e45faeaa1c4423768b,1.0,Authentic raw sample: Bud Root Dropping
Coconut Tree Disease Dataset (Mendeley Data / Patil et al.),https://raw.githubusercontent.com/zahid16-code/cocunut-disease-prediction/master/Coconut%20Tree%20Disease%20Dataset/Bud%20Root%20Dropping/BudRootDropping004.jpg,CC BY 4.0,2026-09-20 03:28:10 UTC,mendeley_coconut_disease/Bud Root Dropping/BudRootDropping004.jpg,287515,8b45d36694347695346d457276e9f3b961785e51165253320a92c0ccde12e012,1.0,Authentic raw sample: Bud Root Dropping
Coconut Tree Disease Dataset (Mendeley Data / Patil et al.),https://raw.githubusercontent.com/zahid16-code/cocunut-disease-prediction/master/Coconut%20Tree%20Disease%20Dataset/Bud%20Root%20Dropping/BudRootDropping005.jpg,CC BY 4.0,2026-09-20 03:28:10 UTC,mendeley_coconut_disease/Bud Root Dropping/BudRootDropping005.jpg,286348,db7fb1a828faf7a0c38d95a885d0908aa7df9dc1735124c7c2b555e2799e5d86,1.0,Authentic raw sample: Bud Root Dropping
Coconut Tree Disease Dataset (Mendeley Data / Patil et al.),https://raw.githubusercontent.com/zahid16-code/cocunut-disease-prediction/master/Coconut%20Tree%20Disease%20Dataset/Bud%20Root%20Dropping/BudRootDropping006.jpg,CC BY 4.0,2026-09-20 03:28:10 UTC,mendeley_coconut_disease/Bud Root Dropping/BudRootDropping006.jpg,259067,81b5e55bcc5e1ffc510f86b963a1a0a6613c1d3d21555615e0e803be5b5967b9,1.0,Authentic raw sample: Bud Root Dropping
Coconut Tree Disease Dataset (Mendeley Data / Patil et al.),https://raw.githubusercontent.com/zahid16-code/cocunut-disease-prediction/master/Coconut%20Tree%20Disease%20Dataset/Bud%20Root%20Dropping/BudRootDropping007.jpg,CC BY 4.0,2026-09-20 03:28:10 UTC,mendeley_coconut_disease/Bud Root Dropping/BudRootDropping007.jpg,198346,25ff219e2a2737ef658fa7eab042487e4f1c9cb2e9e60eb0b196ae6a4f5f2028,1.0,Authentic raw sample: Bud Root Dropping
Coconut Tree Disease Dataset (Mendeley Data / Patil et al.),https://raw.githubusercontent.com/zahid16-code/cocunut-disease-prediction/master/Coconut%20Tree%20Disease%20Dataset/Bud%20Root%20Dropping/BudRootDropping008.jpg,CC BY 4.0,2026-09-20 03:28:10 UTC,mendeley_coconut_disease/Bud Root Dropping/BudRootDropping008.jpg,144553,9ee917c28b30c3629449aba948bd2816f18e8d87c8bf6cc49c650391439e16d0,1.0,Authentic raw sample: Bud Root Dropping
Coconut Tree Disease Dataset (Mendeley Data / Patil et al.),https://raw.githubusercontent.com/zahid16-code/cocunut-disease-prediction/master/Coconut%20Tree%20Disease%20Dataset/Bud%20Root%20Dropping/BudRootDropping009.jpg,CC BY 4.0,2026-09-20 03:28:10 UTC,mendeley_coconut_disease/Bud Root Dropping/BudRootDropping009.jpg,152234,feb74a6e83d2dc5f63d6add91a103223bf176cfc20c3563affa3a90541cd0fb9,1.0,Authentic raw sample: Bud Root Dropping
Coconut Tree Disease Dataset (Mendeley Data / Patil et al.),https://raw.githubusercontent.com/zahid16-code/cocunut-disease-prediction/master/Coconut%20Tree%20Disease%20Dataset/Bud%20Root%20Dropping/BudRootDropping010.jpg,CC BY 4.0,2026-09-20 03:28:10 UTC,mendeley_coconut_disease/Bud Root Dropping/BudRootDropping010.jpg,243174,94c1c2d6fb90b30d1d221f92dc8de32d927f5eccc3340ad227d48bc8db8b8397,1.0,Authentic raw sample: Bud Root Dropping
Coconut Tree Disease Dataset (Mendeley Data / Patil et al.),https://raw.githubusercontent.com/zahid16-code/cocunut-disease-prediction/master/Coconut%20Tree%20Disease%20Dataset/Bud%20Root%20Dropping/BudRootDropping011.jpg,CC BY 4.0,2026-09-20 03:28:10 UTC,mendeley_coconut_disease/Bud Root Dropping/BudRootDropping011.jpg,177370,6ff5ca2fc9ebf188942dba68983701a30e2fb025d77c88018371ca9af423d539,1.0,Authentic raw sample: Bud Root Dropping
Coconut Tree Disease Dataset (Mendeley Data / Patil et al.),https://raw.githubusercontent.com/zahid16-code/cocunut-disease-prediction/master/Coconut%20Tree%20Disease%20Dataset/Bud%20Root%20Dropping/BudRootDropping012.jpg,CC BY 4.0,2026-09-20 03:28:10 UTC,mendeley_coconut_disease/Bud Root Dropping/BudRootDropping012.jpg,143727,7b7ad59df312d30d2deca48f696f629ec1a4056cf1e771e0f9eb96a78b336d4f,1.0,Authentic raw sample: Bud Root Dropping
Coconut Tree Disease Dataset (Mendeley Data / Patil et al.),https://raw.githubusercontent.com/zahid16-code/cocunut-disease-prediction/master/Coconut%20Tree%20Disease%20Dataset/Bud%20Root%20Dropping/BudRootDropping013.jpg,CC BY 4.0,2026-09-20 03:28:10 UTC,mendeley_coconut_disease/Bud Root Dropping/BudRootDropping013.jpg,143724,50b683d90ba9186cd066fbcba536ab4e9acd79c89a8bff4805f033398b48c727,1.0,Authentic raw sample: Bud Root Dropping
Coconut Tree Disease Dataset (Mendeley Data / Patil et al.),https://raw.githubusercontent.com/zahid16-code/cocunut-disease-prediction/master/Coconut%20Tree%20Disease%20Dataset/Bud%20Root%20Dropping/BudRootDropping014.jpg,CC BY 4.0,2026-09-20 03:28:10 UTC,mendeley_coconut_disease/Bud Root Dropping/BudRootDropping014.jpg,158527,6daa58201a4d112a2797f0f5294886c8a6efaee98dd003103ee1e594901b007c,1.0,Authentic raw sample: Bud Root Dropping
Coconut Tree Disease Dataset (Mendeley Data / Patil et al.),https://raw.githubusercontent.com/zahid16-code/cocunut-disease-prediction/master/Coconut%20Tree%20Disease%20Dataset/Bud%20Root%20Dropping/BudRootDropping015.jpg,CC BY 4.0,2026-09-20 03:28:10 UTC,mendeley_coconut_disease/Bud Root Dropping/BudRootDropping015.jpg,189356,3eaeaff7135494b872b0e25a109ba9d3404029540720761972ace6514132b6ea,1.0,Authentic raw sample: Bud Root Dropping
Coconut Tree Disease Dataset (Mendeley Data / Patil et al.),https://raw.githubusercontent.com/zahid16-code/cocunut-disease-prediction/master/Coconut%20Tree%20Disease%20Dataset/Bud%20Root%20Dropping/BudRootDropping016.jpg,CC BY 4.0,2026-09-20 03:28:10 UTC,mendeley_coconut_disease/Bud Root Dropping/BudRootDropping016.jpg,143988,330fa0b9d236e1f8d03e508aa37f92641a0eb6eb4a207ad582d028315615af1b,1.0,Authentic raw sample: Bud Root Dropping
Coconut Tree Disease Dataset (Mendeley Data / Patil et al.),https://raw.githubusercontent.com/zahid16-code/cocunut-disease-prediction/master/Coconut%20Tree%20Disease%20Dataset/Bud%20Root%20Dropping/BudRootDropping017.jpg,CC BY 4.0,2026-09-20 03:28:10 UTC,mendeley_coconut_disease/Bud Root Dropping/BudRootDropping017.jpg,183843,006f13f9802091a6cb2b365f4a2a3af9cad5f0eed6db4445e0c220377b9389aa,1.0,Authentic raw sample: Bud Root Dropping
Coconut Tree Disease Dataset (Mendeley Data / Patil et al.),https://raw.githubusercontent.com/zahid16-code/cocunut-disease-prediction/master/Coconut%20Tree%20Disease%20Dataset/Bud%20Root%20Dropping/BudRootDropping018.jpg,CC BY 4.0,2026-09-20 03:28:10 UTC,mendeley_coconut_disease/Bud Root Dropping/BudRootDropping018.jpg,183961,ff8ca6ec017c238ae288178f2ca341909086f0a9d68a3d48c4ba5a47ecd8b69e,1.0,Authentic raw sample: Bud Root Dropping
Coconut Tree Disease Dataset (Mendeley Data / Patil et al.),https://raw.githubusercontent.com/zahid16-code/cocunut-disease-prediction/master/Coconut%20Tree%20Disease%20Dataset/Bud%20Root%20Dropping/BudRootDropping019.jpg,CC BY 4.0,2026-09-20 03:28:10 UTC,mendeley_coconut_disease/Bud Root Dropping/BudRootDropping019.jpg,184260,abf204707a218d36e7d85e0f21c27bc6daafca63504295e84ed2ec4d1dc8e56a,1.0,Authentic raw sample: Bud Root Dropping
Coconut Tree Disease Dataset (Mendeley Data / Patil et al.),https://raw.githubusercontent.com/zahid16-code/cocunut-disease-prediction/master/Coconut%20Tree%20Disease%20Dataset/Bud%20Root%20Dropping/BudRootDropping020.jpg,CC BY 4.0,2026-09-20 03:28:10 UTC,mendeley_coconut_disease/Bud Root Dropping/BudRootDropping020.jpg,183422,a0c0babd1840fe0b1b538388b97c96641b78e26d1920ebaf816b9bf807d7b1c8,1.0,Authentic raw sample: Bud Root Dropping
Coconut Tree Disease Dataset (Mendeley Data / Patil et al.),https://raw.githubusercontent.com/zahid16-code/cocunut-disease-prediction/master/Coconut%20Tree%20Disease%20Dataset/Bud%20Rot/BudRot001.jpg,CC BY 4.0,2026-09-20 03:28:10 UTC,mendeley_coconut_disease/Bud Rot/BudRot001.jpg,207887,19b9f4f8b0deeec175c0e52de262624bd1c1abf1a114afa07d0c17edaf92bd67,1.0,Authentic raw sample: Bud Rot
Coconut Tree Disease Dataset (Mendeley Data / Patil et al.),https://raw.githubusercontent.com/zahid16-code/cocunut-disease-prediction/master/Coconut%20Tree%20Disease%20Dataset/Bud%20Rot/BudRot002.jpg,CC BY 4.0,2026-09-20 03:28:10 UTC,mendeley_coconut_disease/Bud Rot/BudRot002.jpg,210090,9acce3430148ffffa65edcdbf5edca0ad741d367bc57bd399526b89ede1bfb1a,1.0,Authentic raw sample: Bud Rot
Coconut Tree Disease Dataset (Mendeley Data / Patil et al.),https://raw.githubusercontent.com/zahid16-code/cocunut-disease-prediction/master/Coconut%20Tree%20Disease%20Dataset/Bud%20Rot/BudRot003.jpg,CC BY 4.0,2026-09-20 03:28:10 UTC,mendeley_coconut_disease/Bud Rot/BudRot003.jpg,200524,b3cbbab013b6d880ab6b30291c9d3fe23fb4776eec2462e0bc9562cd4d3cff20,1.0,Authentic raw sample: Bud Rot
Coconut Tree Disease Dataset (Mendeley Data / Patil et al.),https://raw.githubusercontent.com/zahid16-code/cocunut-disease-prediction/master/Coconut%20Tree%20Disease%20Dataset/Bud%20Rot/BudRot004.jpg,CC BY 4.0,2026-09-20 03:28:10 UTC,mendeley_coconut_disease/Bud Rot/BudRot004.jpg,199873,7c7e423115d61c5954162f3febc1fd618838288bcfd7cc248f8893fc402ff2b2,1.0,Authentic raw sample: Bud Rot
Coconut Tree Disease Dataset (Mendeley Data / Patil et al.),https://raw.githubusercontent.com/zahid16-code/cocunut-disease-prediction/master/Coconut%20Tree%20Disease%20Dataset/Bud%20Rot/BudRot005.jpg,CC BY 4.0,2026-09-20 03:28:10 UTC,mendeley_coconut_disease/Bud Rot/BudRot005.jpg,198639,f3bd385dd4192aa4fca46cf5cb50979aa1ed5b73edac4a4eff73a5b2f3557ba0,1.0,Authentic raw sample: Bud Rot
Coconut Tree Disease Dataset (Mendeley Data / Patil et al.),https://raw.githubusercontent.com/zahid16-code/cocunut-disease-prediction/master/Coconut%20Tree%20Disease%20Dataset/Bud%20Rot/BudRot006.jpg,CC BY 4.0,2026-09-20 03:28:10 UTC,mendeley_coconut_disease/Bud Rot/BudRot006.jpg,203678,5c4e130d6ebe84bfd5402a1f1f121de1741af680724c1c6e884f34f06c45e9c7,1.0,Authentic raw sample: Bud Rot
Coconut Tree Disease Dataset (Mendeley Data / Patil et al.),https://raw.githubusercontent.com/zahid16-code/cocunut-disease-prediction/master/Coconut%20Tree%20Disease%20Dataset/Bud%20Rot/BudRot007.jpg,CC BY 4.0,2026-09-20 03:28:10 UTC,mendeley_coconut_disease/Bud Rot/BudRot007.jpg,203762,abcfe113b69c08776e322bf9020d7ab4c81cb891bbb68cb215e69f3ddb4053ee,1.0,Authentic raw sample: Bud Rot
Coconut Tree Disease Dataset (Mendeley Data / Patil et al.),https://raw.githubusercontent.com/zahid16-code/cocunut-disease-prediction/master/Coconut%20Tree%20Disease%20Dataset/Bud%20Rot/BudRot008.jpg,CC BY 4.0,2026-09-20 03:28:10 UTC,mendeley_coconut_disease/Bud Rot/BudRot008.jpg,208807,28e9c9cfae5097f87bc24b9e76515bab30661b715c7b840e73cf2b3c4570e75f,1.0,Authentic raw sample: Bud Rot
Coconut Tree Disease Dataset (Mendeley Data / Patil et al.),https://raw.githubusercontent.com/zahid16-code/cocunut-disease-prediction/master/Coconut%20Tree%20Disease%20Dataset/Bud%20Rot/BudRot009.jpg,CC BY 4.0,2026-09-20 03:28:10 UTC,mendeley_coconut_disease/Bud Rot/BudRot009.jpg,202972,9664db2c4a38a9e3e6efd0fde2bad37f430064887474efd89416fc3720d27257,1.0,Authentic raw sample: Bud Rot
Coconut Tree Disease Dataset (Mendeley Data / Patil et al.),https://raw.githubusercontent.com/zahid16-code/cocunut-disease-prediction/master/Coconut%20Tree%20Disease%20Dataset/Bud%20Rot/BudRot010.jpg,CC BY 4.0,2026-09-20 03:28:10 UTC,mendeley_coconut_disease/Bud Rot/BudRot010.jpg,196916,c972953ead74a42e5c7f59bc6f3e10e6aa358cb0ee5475c054673f495226457f,1.0,Authentic raw sample: Bud Rot
Coconut Tree Disease Dataset (Mendeley Data / Patil et al.),https://raw.githubusercontent.com/zahid16-code/cocunut-disease-prediction/master/Coconut%20Tree%20Disease%20Dataset/Bud%20Rot/BudRot011.jpg,CC BY 4.0,2026-09-20 03:28:10 UTC,mendeley_coconut_disease/Bud Rot/BudRot011.jpg,208117,9de01b84fbc5c1e57dc717857cfe657abc58ea4eadd8f8ff81144f524208627e,1.0,Authentic raw sample: Bud Rot
Coconut Tree Disease Dataset (Mendeley Data / Patil et al.),https://raw.githubusercontent.com/zahid16-code/cocunut-disease-prediction/master/Coconut%20Tree%20Disease%20Dataset/Bud%20Rot/BudRot012.jpg,CC BY 4.0,2026-09-20 03:28:10 UTC,mendeley_coconut_disease/Bud Rot/BudRot012.jpg,201393,abf7c660509045d34f21cb8c4b5bfd4012cbb98b3d90828e6a5628c878a257aa,1.0,Authentic raw sample: Bud Rot
Coconut Tree Disease Dataset (Mendeley Data / Patil et al.),https://raw.githubusercontent.com/zahid16-code/cocunut-disease-prediction/master/Coconut%20Tree%20Disease%20Dataset/Bud%20Rot/BudRot013.jpg,CC BY 4.0,2026-09-20 03:28:10 UTC,mendeley_coconut_disease/Bud Rot/BudRot013.jpg,201671,6dc8736d700dfb52c51ea3c6e8910eec4b221f2d4d1839fd0dce026a7d45aafe,1.0,Authentic raw sample: Bud Rot
Coconut Tree Disease Dataset (Mendeley Data / Patil et al.),https://raw.githubusercontent.com/zahid16-code/cocunut-disease-prediction/master/Coconut%20Tree%20Disease%20Dataset/Bud%20Rot/BudRot014.jpg,CC BY 4.0,2026-09-20 03:28:10 UTC,mendeley_coconut_disease/Bud Rot/BudRot014.jpg,204292,351c4d2988e7c14f97a505fd23f75c3b9281bf172998415d68bf5208b0794cbf,1.0,Authentic raw sample: Bud Rot
Coconut Tree Disease Dataset (Mendeley Data / Patil et al.),https://raw.githubusercontent.com/zahid16-code/cocunut-disease-prediction/master/Coconut%20Tree%20Disease%20Dataset/Bud%20Rot/BudRot015.jpg,CC BY 4.0,2026-09-20 03:28:10 UTC,mendeley_coconut_disease/Bud Rot/BudRot015.jpg,187070,077f4e49f96587fde92ea72e33f7791da70f8d433d5fa6be62a7d60fae2d65ed,1.0,Authentic raw sample: Bud Rot
Coconut Tree Disease Dataset (Mendeley Data / Patil et al.),https://raw.githubusercontent.com/zahid16-code/cocunut-disease-prediction/master/Coconut%20Tree%20Disease%20Dataset/Bud%20Rot/BudRot016.jpg,CC BY 4.0,2026-09-20 03:28:10 UTC,mendeley_coconut_disease/Bud Rot/BudRot016.jpg,198805,6716eec0b3588445d9147b2b362f04b739958816cdd1b09a2f4af60d9ac523f8,1.0,Authentic raw sample: Bud Rot
Coconut Tree Disease Dataset (Mendeley Data / Patil et al.),https://raw.githubusercontent.com/zahid16-code/cocunut-disease-prediction/master/Coconut%20Tree%20Disease%20Dataset/Bud%20Rot/BudRot017.jpg,CC BY 4.0,2026-09-20 03:28:10 UTC,mendeley_coconut_disease/Bud Rot/BudRot017.jpg,204720,ee8c92bcf47651fd5810dc7f3dd6e5b23e2b50e24925c4c8aeeed7075ec0f3ce,1.0,Authentic raw sample: Bud Rot
Coconut Tree Disease Dataset (Mendeley Data / Patil et al.),https://raw.githubusercontent.com/zahid16-code/cocunut-disease-prediction/master/Coconut%20Tree%20Disease%20Dataset/Bud%20Rot/BudRot018.jpg,CC BY 4.0,2026-09-20 03:28:10 UTC,mendeley_coconut_disease/Bud Rot/BudRot018.jpg,198940,f9b356554a4aea648077f05731d09c72190c897e1bbb1cbb7435b98a2c1454fb,1.0,Authentic raw sample: Bud Rot
Coconut Tree Disease Dataset (Mendeley Data / Patil et al.),https://raw.githubusercontent.com/zahid16-code/cocunut-disease-prediction/master/Coconut%20Tree%20Disease%20Dataset/Bud%20Rot/BudRot019.jpg,CC BY 4.0,2026-09-20 03:28:10 UTC,mendeley_coconut_disease/Bud Rot/BudRot019.jpg,180843,14bc13e12991fa06420e4bc1d3d9a36d6e697fd020c454832eb07e88be71ee44,1.0,Authentic raw sample: Bud Rot
Coconut Tree Disease Dataset (Mendeley Data / Patil et al.),https://raw.githubusercontent.com/zahid16-code/cocunut-disease-prediction/master/Coconut%20Tree%20Disease%20Dataset/Bud%20Rot/BudRot020.jpg,CC BY 4.0,2026-09-20 03:28:10 UTC,mendeley_coconut_disease/Bud Rot/BudRot020.jpg,180514,d3c617b8a2da2744e6329bc8a8dc8bff768af5b5e5f77a325992ccbde24869be,1.0,Authentic raw sample: Bud Rot
Coconut Tree Disease Dataset (Mendeley Data / Patil et al.),https://raw.githubusercontent.com/zahid16-code/cocunut-disease-prediction/master/Coconut%20Tree%20Disease%20Dataset/Gray%20Leaf%20Spot/GrayLeafSpot001.jpg,CC BY 4.0,2026-09-20 03:28:10 UTC,mendeley_coconut_disease/Gray Leaf Spot/GrayLeafSpot001.jpg,129266,0f573d5259a3b6282b8d442dd8d71cc94e0d3bbff4fe110f304c90c619f21b36,1.0,Authentic raw sample: Gray Leaf Spot
Coconut Tree Disease Dataset (Mendeley Data / Patil et al.),https://raw.githubusercontent.com/zahid16-code/cocunut-disease-prediction/master/Coconut%20Tree%20Disease%20Dataset/Gray%20Leaf%20Spot/GrayLeafSpot002.jpg,CC BY 4.0,2026-09-20 03:28:10 UTC,mendeley_coconut_disease/Gray Leaf Spot/GrayLeafSpot002.jpg,135802,0ab9d13376b8a895701fdb27394af785eae36399f67daf1d05c7dc83d161ba5e,1.0,Authentic raw sample: Gray Leaf Spot
Coconut Tree Disease Dataset (Mendeley Data / Patil et al.),https://raw.githubusercontent.com/zahid16-code/cocunut-disease-prediction/master/Coconut%20Tree%20Disease%20Dataset/Gray%20Leaf%20Spot/GrayLeafSpot003.jpg,CC BY 4.0,2026-09-20 03:28:10 UTC,mendeley_coconut_disease/Gray Leaf Spot/GrayLeafSpot003.jpg,140965,a06768bb890af0e5050bf18239eb63072738b57f23f088bc07c8685abdfabf00,1.0,Authentic raw sample: Gray Leaf Spot
Coconut Tree Disease Dataset (Mendeley Data / Patil et al.),https://raw.githubusercontent.com/zahid16-code/cocunut-disease-prediction/master/Coconut%20Tree%20Disease%20Dataset/Gray%20Leaf%20Spot/GrayLeafSpot004.jpg,CC BY 4.0,2026-09-20 03:28:10 UTC,mendeley_coconut_disease/Gray Leaf Spot/GrayLeafSpot004.jpg,150742,53119836621b64310c222e29dc47c3c0c5516662ddb0ceda72bef1d9fca196df,1.0,Authentic raw sample: Gray Leaf Spot
Coconut Tree Disease Dataset (Mendeley Data / Patil et al.),https://raw.githubusercontent.com/zahid16-code/cocunut-disease-prediction/master/Coconut%20Tree%20Disease%20Dataset/Gray%20Leaf%20Spot/GrayLeafSpot005.jpg,CC BY 4.0,2026-09-20 03:28:10 UTC,mendeley_coconut_disease/Gray Leaf Spot/GrayLeafSpot005.jpg,124614,7df1115ac9e44401a32017826bfa652ac243abe859d608632cd3cccd841950ef,1.0,Authentic raw sample: Gray Leaf Spot
Coconut Tree Disease Dataset (Mendeley Data / Patil et al.),https://raw.githubusercontent.com/zahid16-code/cocunut-disease-prediction/master/Coconut%20Tree%20Disease%20Dataset/Gray%20Leaf%20Spot/GrayLeafSpot006.jpg,CC BY 4.0,2026-09-20 03:28:10 UTC,mendeley_coconut_disease/Gray Leaf Spot/GrayLeafSpot006.jpg,121109,c4ac844b8ad29dffc0048f292c51ca94e4827530252403751903ff5272cabd54,1.0,Authentic raw sample: Gray Leaf Spot
Coconut Tree Disease Dataset (Mendeley Data / Patil et al.),https://raw.githubusercontent.com/zahid16-code/cocunut-disease-prediction/master/Coconut%20Tree%20Disease%20Dataset/Gray%20Leaf%20Spot/GrayLeafSpot007.jpg,CC BY 4.0,2026-09-20 03:28:10 UTC,mendeley_coconut_disease/Gray Leaf Spot/GrayLeafSpot007.jpg,114590,94dd1f6f889b8a40d322e3f98de7a5a7e4b54016043bb860f2ff16c59a33d59e,1.0,Authentic raw sample: Gray Leaf Spot
Coconut Tree Disease Dataset (Mendeley Data / Patil et al.),https://raw.githubusercontent.com/zahid16-code/cocunut-disease-prediction/master/Coconut%20Tree%20Disease%20Dataset/Gray%20Leaf%20Spot/GrayLeafSpot008.jpg,CC BY 4.0,2026-09-20 03:28:10 UTC,mendeley_coconut_disease/Gray Leaf Spot/GrayLeafSpot008.jpg,104345,eb0d6e99a0885249a5749a72ce43000cca03d6d63803e0b95263222b097369de,1.0,Authentic raw sample: Gray Leaf Spot
Coconut Tree Disease Dataset (Mendeley Data / Patil et al.),https://raw.githubusercontent.com/zahid16-code/cocunut-disease-prediction/master/Coconut%20Tree%20Disease%20Dataset/Gray%20Leaf%20Spot/GrayLeafSpot009.jpg,CC BY 4.0,2026-09-20 03:28:10 UTC,mendeley_coconut_disease/Gray Leaf Spot/GrayLeafSpot009.jpg,104341,7f4c9ae7d1b80a7067f64ae62010094dcda42b42bded2757a6703f498f6efee1,1.0,Authentic raw sample: Gray Leaf Spot
Coconut Tree Disease Dataset (Mendeley Data / Patil et al.),https://raw.githubusercontent.com/zahid16-code/cocunut-disease-prediction/master/Coconut%20Tree%20Disease%20Dataset/Gray%20Leaf%20Spot/GrayLeafSpot010.jpg,CC BY 4.0,2026-09-20 03:28:10 UTC,mendeley_coconut_disease/Gray Leaf Spot/GrayLeafSpot010.jpg,100001,259b71c7778309ce4156b8c96ca2479fc8e637b4fbc440e594c29543e7a51bb0,1.0,Authentic raw sample: Gray Leaf Spot
Coconut Tree Disease Dataset (Mendeley Data / Patil et al.),https://raw.githubusercontent.com/zahid16-code/cocunut-disease-prediction/master/Coconut%20Tree%20Disease%20Dataset/Gray%20Leaf%20Spot/GrayLeafSpot011.jpg,CC BY 4.0,2026-09-20 03:28:10 UTC,mendeley_coconut_disease/Gray Leaf Spot/GrayLeafSpot011.jpg,106103,efd7619f9f324c1db286928469699a6bd7390cc9822daf9b2eeffc293dcfe27e,1.0,Authentic raw sample: Gray Leaf Spot
Coconut Tree Disease Dataset (Mendeley Data / Patil et al.),https://raw.githubusercontent.com/zahid16-code/cocunut-disease-prediction/master/Coconut%20Tree%20Disease%20Dataset/Gray%20Leaf%20Spot/GrayLeafSpot012.jpg,CC BY 4.0,2026-09-20 03:28:10 UTC,mendeley_coconut_disease/Gray Leaf Spot/GrayLeafSpot012.jpg,97492,7cf8627a7997b4d49e0b775f212a82e042fd9a6d94643362a89a7fa588c20ff3,1.0,Authentic raw sample: Gray Leaf Spot
Coconut Tree Disease Dataset (Mendeley Data / Patil et al.),https://raw.githubusercontent.com/zahid16-code/cocunut-disease-prediction/master/Coconut%20Tree%20Disease%20Dataset/Gray%20Leaf%20Spot/GrayLeafSpot013.jpg,CC BY 4.0,2026-09-20 03:28:10 UTC,mendeley_coconut_disease/Gray Leaf Spot/GrayLeafSpot013.jpg,87431,f6b205d747aee7c633039890f30f1573f082843f05c538c1fef0939651c3f49e,1.0,Authentic raw sample: Gray Leaf Spot
Coconut Tree Disease Dataset (Mendeley Data / Patil et al.),https://raw.githubusercontent.com/zahid16-code/cocunut-disease-prediction/master/Coconut%20Tree%20Disease%20Dataset/Gray%20Leaf%20Spot/GrayLeafSpot014.jpg,CC BY 4.0,2026-09-20 03:28:10 UTC,mendeley_coconut_disease/Gray Leaf Spot/GrayLeafSpot014.jpg,80257,f3dc9e97a0ab4cfae892806126d8a4803f53f44ef8d8337ab2b4f29115ddfc19,1.0,Authentic raw sample: Gray Leaf Spot
Coconut Tree Disease Dataset (Mendeley Data / Patil et al.),https://raw.githubusercontent.com/zahid16-code/cocunut-disease-prediction/master/Coconut%20Tree%20Disease%20Dataset/Gray%20Leaf%20Spot/GrayLeafSpot015.jpg,CC BY 4.0,2026-09-20 03:28:10 UTC,mendeley_coconut_disease/Gray Leaf Spot/GrayLeafSpot015.jpg,79035,0a70ffee8874ec58bab838d0802a9997c33bdbb73e5d086009ff7a96c620b0cd,1.0,Authentic raw sample: Gray Leaf Spot
Coconut Tree Disease Dataset (Mendeley Data / Patil et al.),https://raw.githubusercontent.com/zahid16-code/cocunut-disease-prediction/master/Coconut%20Tree%20Disease%20Dataset/Gray%20Leaf%20Spot/GrayLeafSpot016.jpg,CC BY 4.0,2026-09-20 03:28:10 UTC,mendeley_coconut_disease/Gray Leaf Spot/GrayLeafSpot016.jpg,81830,210d329e0ef64caa73b1840df6c5ecd3d27cf3a8e440dfa8603d700d3e1535cd,1.0,Authentic raw sample: Gray Leaf Spot
Coconut Tree Disease Dataset (Mendeley Data / Patil et al.),https://raw.githubusercontent.com/zahid16-code/cocunut-disease-prediction/master/Coconut%20Tree%20Disease%20Dataset/Gray%20Leaf%20Spot/GrayLeafSpot017.jpg,CC BY 4.0,2026-09-20 03:28:10 UTC,mendeley_coconut_disease/Gray Leaf Spot/GrayLeafSpot017.jpg,83172,9e33bc42ef2ee1c59737e3f3960f2b100806153bcbf8bbfcc9ad003556d3fe7b,1.0,Authentic raw sample: Gray Leaf Spot
Coconut Tree Disease Dataset (Mendeley Data / Patil et al.),https://raw.githubusercontent.com/zahid16-code/cocunut-disease-prediction/master/Coconut%20Tree%20Disease%20Dataset/Gray%20Leaf%20Spot/GrayLeafSpot018.jpg,CC BY 4.0,2026-09-20 03:28:10 UTC,mendeley_coconut_disease/Gray Leaf Spot/GrayLeafSpot018.jpg,99649,c624bd77e3d4dbafe803d3bee5a0e0f6b67ed2064fb049deb724eaee5ae4e490,1.0,Authentic raw sample: Gray Leaf Spot
Coconut Tree Disease Dataset (Mendeley Data / Patil et al.),https://raw.githubusercontent.com/zahid16-code/cocunut-disease-prediction/master/Coconut%20Tree%20Disease%20Dataset/Gray%20Leaf%20Spot/GrayLeafSpot019.jpg,CC BY 4.0,2026-09-20 03:28:10 UTC,mendeley_coconut_disease/Gray Leaf Spot/GrayLeafSpot019.jpg,120953,583e56b205c2357d6015d72ac7f626844003fb0ea2a26327bcedeb22ba258c05,1.0,Authentic raw sample: Gray Leaf Spot
Coconut Tree Disease Dataset (Mendeley Data / Patil et al.),https://raw.githubusercontent.com/zahid16-code/cocunut-disease-prediction/master/Coconut%20Tree%20Disease%20Dataset/Gray%20Leaf%20Spot/GrayLeafSpot020.jpg,CC BY 4.0,2026-09-20 03:28:10 UTC,mendeley_coconut_disease/Gray Leaf Spot/GrayLeafSpot020.jpg,141959,c4ed8c362558a66a0ad3b7a21798f4e12da43e7973485ca7be99a31c581fb992,1.0,Authentic raw sample: Gray Leaf Spot
Coconut Tree Disease Dataset (Mendeley Data / Patil et al.),https://raw.githubusercontent.com/zahid16-code/cocunut-disease-prediction/master/Coconut%20Tree%20Disease%20Dataset/Leaf%20Rot/LeafRot001.jpg,CC BY 4.0,2026-09-20 03:28:10 UTC,mendeley_coconut_disease/Leaf Rot/LeafRot001.jpg,195147,c5fa5d2363713ca369d7b4452225269db145518bf4bd3d38a2162f3c91f79b7f,1.0,Authentic raw sample: Leaf Rot
Coconut Tree Disease Dataset (Mendeley Data / Patil et al.),https://raw.githubusercontent.com/zahid16-code/cocunut-disease-prediction/master/Coconut%20Tree%20Disease%20Dataset/Leaf%20Rot/LeafRot002.jpg,CC BY 4.0,2026-09-20 03:28:10 UTC,mendeley_coconut_disease/Leaf Rot/LeafRot002.jpg,189383,b995a1e0632b7a7496b62622b9a9a44d84745b5d44107dc2af9fdfe4f288e7a4,1.0,Authentic raw sample: Leaf Rot
Coconut Tree Disease Dataset (Mendeley Data / Patil et al.),https://raw.githubusercontent.com/zahid16-code/cocunut-disease-prediction/master/Coconut%20Tree%20Disease%20Dataset/Leaf%20Rot/LeafRot003.jpg,CC BY 4.0,2026-09-20 03:28:10 UTC,mendeley_coconut_disease/Leaf Rot/LeafRot003.jpg,201485,392cf1a5b42b363cb903e05cc09c3484d182113b2cba7063d01bf47eea60e347,1.0,Authentic raw sample: Leaf Rot
Coconut Tree Disease Dataset (Mendeley Data / Patil et al.),https://raw.githubusercontent.com/zahid16-code/cocunut-disease-prediction/master/Coconut%20Tree%20Disease%20Dataset/Leaf%20Rot/LeafRot004.jpg,CC BY 4.0,2026-09-20 03:28:10 UTC,mendeley_coconut_disease/Leaf Rot/LeafRot004.jpg,184357,27adf5e8fc8eb05a0710b6ec97da1a4a66bd2c04c6ff9e58e483476c95230ec6,1.0,Authentic raw sample: Leaf Rot
Coconut Tree Disease Dataset (Mendeley Data / Patil et al.),https://raw.githubusercontent.com/zahid16-code/cocunut-disease-prediction/master/Coconut%20Tree%20Disease%20Dataset/Leaf%20Rot/LeafRot005.jpg,CC BY 4.0,2026-09-20 03:28:10 UTC,mendeley_coconut_disease/Leaf Rot/LeafRot005.jpg,197678,42f68753abbc85a37717a3abcb56f2b8bbd7dcbde775b3d1039d1e5a6b56cb89,1.0,Authentic raw sample: Leaf Rot
Coconut Tree Disease Dataset (Mendeley Data / Patil et al.),https://raw.githubusercontent.com/zahid16-code/cocunut-disease-prediction/master/Coconut%20Tree%20Disease%20Dataset/Leaf%20Rot/LeafRot006.jpg,CC BY 4.0,2026-09-20 03:28:10 UTC,mendeley_coconut_disease/Leaf Rot/LeafRot006.jpg,186266,cbaedb4e2c4cf13570bb0c28782b3342736afe119bba56145cfdad5dc7e5dd7d,1.0,Authentic raw sample: Leaf Rot
Coconut Tree Disease Dataset (Mendeley Data / Patil et al.),https://raw.githubusercontent.com/zahid16-code/cocunut-disease-prediction/master/Coconut%20Tree%20Disease%20Dataset/Leaf%20Rot/LeafRot007.jpg,CC BY 4.0,2026-09-20 03:28:10 UTC,mendeley_coconut_disease/Leaf Rot/LeafRot007.jpg,165981,d519e8640d678fb90b41a15e029cc9f9cb760455b50776e363398d83745417c7,1.0,Authentic raw sample: Leaf Rot
Coconut Tree Disease Dataset (Mendeley Data / Patil et al.),https://raw.githubusercontent.com/zahid16-code/cocunut-disease-prediction/master/Coconut%20Tree%20Disease%20Dataset/Leaf%20Rot/LeafRot008.jpg,CC BY 4.0,2026-09-20 03:28:10 UTC,mendeley_coconut_disease/Leaf Rot/LeafRot008.jpg,200549,c5a1a85e361949e6e2902362a75e7cbfaa9d3b2291f98d244e99606e34bd6dad,1.0,Authentic raw sample: Leaf Rot
Coconut Tree Disease Dataset (Mendeley Data / Patil et al.),https://raw.githubusercontent.com/zahid16-code/cocunut-disease-prediction/master/Coconut%20Tree%20Disease%20Dataset/Leaf%20Rot/LeafRot009.jpg,CC BY 4.0,2026-09-20 03:28:10 UTC,mendeley_coconut_disease/Leaf Rot/LeafRot009.jpg,184086,5dc5f202c9c3e4856b2b70a5cea6989119625f3eada97af137193a144f81102b,1.0,Authentic raw sample: Leaf Rot
Coconut Tree Disease Dataset (Mendeley Data / Patil et al.),https://raw.githubusercontent.com/zahid16-code/cocunut-disease-prediction/master/Coconut%20Tree%20Disease%20Dataset/Leaf%20Rot/LeafRot010.jpg,CC BY 4.0,2026-09-20 03:28:10 UTC,mendeley_coconut_disease/Leaf Rot/LeafRot010.jpg,159968,f735402e1ae836857f34d93cd429b012aba7c7793a0511d86ab88411c15432fd,1.0,Authentic raw sample: Leaf Rot
Coconut Tree Disease Dataset (Mendeley Data / Patil et al.),https://raw.githubusercontent.com/zahid16-code/cocunut-disease-prediction/master/Coconut%20Tree%20Disease%20Dataset/Leaf%20Rot/LeafRot011.jpg,CC BY 4.0,2026-09-20 03:28:10 UTC,mendeley_coconut_disease/Leaf Rot/LeafRot011.jpg,152548,fbd5807ae8f28bcb2534eeada7f43ab14cf405c1cc885650599ca237ce3af14d,1.0,Authentic raw sample: Leaf Rot
Coconut Tree Disease Dataset (Mendeley Data / Patil et al.),https://raw.githubusercontent.com/zahid16-code/cocunut-disease-prediction/master/Coconut%20Tree%20Disease%20Dataset/Leaf%20Rot/LeafRot012.jpg,CC BY 4.0,2026-09-20 03:28:10 UTC,mendeley_coconut_disease/Leaf Rot/LeafRot012.jpg,157348,1c1bed59cc38f87cf8da19c279dcc68d399ccefd17f4ae129c9fb8628c48a118,1.0,Authentic raw sample: Leaf Rot
Coconut Tree Disease Dataset (Mendeley Data / Patil et al.),https://raw.githubusercontent.com/zahid16-code/cocunut-disease-prediction/master/Coconut%20Tree%20Disease%20Dataset/Leaf%20Rot/LeafRot013.jpg,CC BY 4.0,2026-09-20 03:28:10 UTC,mendeley_coconut_disease/Leaf Rot/LeafRot013.jpg,153700,8528ccd08909456ea82416df6aeae97d2713e060ab7338afe088dce2b07e0e4b,1.0,Authentic raw sample: Leaf Rot
Coconut Tree Disease Dataset (Mendeley Data / Patil et al.),https://raw.githubusercontent.com/zahid16-code/cocunut-disease-prediction/master/Coconut%20Tree%20Disease%20Dataset/Leaf%20Rot/LeafRot014.jpg,CC BY 4.0,2026-09-20 03:28:10 UTC,mendeley_coconut_disease/Leaf Rot/LeafRot014.jpg,157634,4bbc67fee401278500fe8d12242b1ef80cf319bbfca78950cf29307e3dde0f28,1.0,Authentic raw sample: Leaf Rot
Coconut Tree Disease Dataset (Mendeley Data / Patil et al.),https://raw.githubusercontent.com/zahid16-code/cocunut-disease-prediction/master/Coconut%20Tree%20Disease%20Dataset/Leaf%20Rot/LeafRot015.jpg,CC BY 4.0,2026-09-20 03:28:10 UTC,mendeley_coconut_disease/Leaf Rot/LeafRot015.jpg,145209,ff3f2afa163e680169e9fab5db093930ddae32b0cc0462812f1846ffe62b638f,1.0,Authentic raw sample: Leaf Rot
Coconut Tree Disease Dataset (Mendeley Data / Patil et al.),https://raw.githubusercontent.com/zahid16-code/cocunut-disease-prediction/master/Coconut%20Tree%20Disease%20Dataset/Leaf%20Rot/LeafRot016.jpg,CC BY 4.0,2026-09-20 03:28:10 UTC,mendeley_coconut_disease/Leaf Rot/LeafRot016.jpg,127701,c6526e7a4f70b0a2e2ee87e9e3a89fb0ea6e76b55095aa61c0300d0362c32092,1.0,Authentic raw sample: Leaf Rot
Coconut Tree Disease Dataset (Mendeley Data / Patil et al.),https://raw.githubusercontent.com/zahid16-code/cocunut-disease-prediction/master/Coconut%20Tree%20Disease%20Dataset/Leaf%20Rot/LeafRot017.jpg,CC BY 4.0,2026-09-20 03:28:10 UTC,mendeley_coconut_disease/Leaf Rot/LeafRot017.jpg,121984,b0b7344431c9ea08881385b95de0661540ce77c4ef11785e699e98a4e1347090,1.0,Authentic raw sample: Leaf Rot
Coconut Tree Disease Dataset (Mendeley Data / Patil et al.),https://raw.githubusercontent.com/zahid16-code/cocunut-disease-prediction/master/Coconut%20Tree%20Disease%20Dataset/Leaf%20Rot/LeafRot018.jpg,CC BY 4.0,2026-09-20 03:28:10 UTC,mendeley_coconut_disease/Leaf Rot/LeafRot018.jpg,132150,78d27b3cb93b8f28d9c0a4a16abb1c767e17bf7e9d7c7c635426fb5267e830a0,1.0,Authentic raw sample: Leaf Rot
Coconut Tree Disease Dataset (Mendeley Data / Patil et al.),https://raw.githubusercontent.com/zahid16-code/cocunut-disease-prediction/master/Coconut%20Tree%20Disease%20Dataset/Leaf%20Rot/LeafRot019.jpg,CC BY 4.0,2026-09-20 03:28:10 UTC,mendeley_coconut_disease/Leaf Rot/LeafRot019.jpg,133610,625ae2f684aaf1b35377e81bc163f630df5891a30a7ad5648eddcd8e655ea900,1.0,Authentic raw sample: Leaf Rot
Coconut Tree Disease Dataset (Mendeley Data / Patil et al.),https://raw.githubusercontent.com/zahid16-code/cocunut-disease-prediction/master/Coconut%20Tree%20Disease%20Dataset/Leaf%20Rot/LeafRot020.jpg,CC BY 4.0,2026-09-20 03:28:10 UTC,mendeley_coconut_disease/Leaf Rot/LeafRot020.jpg,143860,63fbcf7760cb06e519587c91e5623572981ba9a33142d91cfeae0d9157031ada,1.0,Authentic raw sample: Leaf Rot
Coconut Tree Disease Dataset (Mendeley Data / Patil et al.),https://raw.githubusercontent.com/zahid16-code/cocunut-disease-prediction/master/Coconut%20Tree%20Disease%20Dataset/Stem%20Bleeding/StemBleeding001.jpg,CC BY 4.0,2026-09-20 03:28:10 UTC,mendeley_coconut_disease/Stem Bleeding/StemBleeding001.jpg,278518,806e70c662d184d268c2a33bb303dbcbc05e39c67f4c7e60d656f0364be98a25,1.0,Authentic raw sample: Stem Bleeding
Coconut Tree Disease Dataset (Mendeley Data / Patil et al.),https://raw.githubusercontent.com/zahid16-code/cocunut-disease-prediction/master/Coconut%20Tree%20Disease%20Dataset/Stem%20Bleeding/StemBleeding002.jpg,CC BY 4.0,2026-09-20 03:28:10 UTC,mendeley_coconut_disease/Stem Bleeding/StemBleeding002.jpg,262761,17b03f8513a32bb85947e5ce804096e610e2b124de637ebb38ddd7d49c4acc1d,1.0,Authentic raw sample: Stem Bleeding
Coconut Tree Disease Dataset (Mendeley Data / Patil et al.),https://raw.githubusercontent.com/zahid16-code/cocunut-disease-prediction/master/Coconut%20Tree%20Disease%20Dataset/Stem%20Bleeding/StemBleeding003.jpg,CC BY 4.0,2026-09-20 03:28:10 UTC,mendeley_coconut_disease/Stem Bleeding/StemBleeding003.jpg,266612,f556a2e9947d4b49c62293bb31d4cf77c00d5b92d24d37f78723a39f4d8537d9,1.0,Authentic raw sample: Stem Bleeding
Coconut Tree Disease Dataset (Mendeley Data / Patil et al.),https://raw.githubusercontent.com/zahid16-code/cocunut-disease-prediction/master/Coconut%20Tree%20Disease%20Dataset/Stem%20Bleeding/StemBleeding004.jpg,CC BY 4.0,2026-09-20 03:28:10 UTC,mendeley_coconut_disease/Stem Bleeding/StemBleeding004.jpg,271072,3743f7c666754691a59713dc334f9d8d8fe61e0da692f223898f9deff132f46c,1.0,Authentic raw sample: Stem Bleeding
Coconut Tree Disease Dataset (Mendeley Data / Patil et al.),https://raw.githubusercontent.com/zahid16-code/cocunut-disease-prediction/master/Coconut%20Tree%20Disease%20Dataset/Stem%20Bleeding/StemBleeding005.jpg,CC BY 4.0,2026-09-20 03:28:10 UTC,mendeley_coconut_disease/Stem Bleeding/StemBleeding005.jpg,275243,e5ffe44543e735d04a10a351de2155e397b38a958c7f7af016a1053ffd7d50aa,1.0,Authentic raw sample: Stem Bleeding
Coconut Tree Disease Dataset (Mendeley Data / Patil et al.),https://raw.githubusercontent.com/zahid16-code/cocunut-disease-prediction/master/Coconut%20Tree%20Disease%20Dataset/Stem%20Bleeding/StemBleeding006.jpg,CC BY 4.0,2026-09-20 03:28:10 UTC,mendeley_coconut_disease/Stem Bleeding/StemBleeding006.jpg,266533,89648f8e19f5c62230a1db3fa1086a01fe580c86daa762acee3c190d6b8ae074,1.0,Authentic raw sample: Stem Bleeding
Coconut Tree Disease Dataset (Mendeley Data / Patil et al.),https://raw.githubusercontent.com/zahid16-code/cocunut-disease-prediction/master/Coconut%20Tree%20Disease%20Dataset/Stem%20Bleeding/StemBleeding007.jpg,CC BY 4.0,2026-09-20 03:28:10 UTC,mendeley_coconut_disease/Stem Bleeding/StemBleeding007.jpg,272997,e6adcf427f76e6e8e88373c67f28e4e05bfc9692475f2b41c7f29b0d67dd2d82,1.0,Authentic raw sample: Stem Bleeding
Coconut Tree Disease Dataset (Mendeley Data / Patil et al.),https://raw.githubusercontent.com/zahid16-code/cocunut-disease-prediction/master/Coconut%20Tree%20Disease%20Dataset/Stem%20Bleeding/StemBleeding008.jpg,CC BY 4.0,2026-09-20 03:28:10 UTC,mendeley_coconut_disease/Stem Bleeding/StemBleeding008.jpg,277589,dc3f60053b097b4728bcfd90e914c146ab237f4484528633a16c75aa5f24690c,1.0,Authentic raw sample: Stem Bleeding
Coconut Tree Disease Dataset (Mendeley Data / Patil et al.),https://raw.githubusercontent.com/zahid16-code/cocunut-disease-prediction/master/Coconut%20Tree%20Disease%20Dataset/Stem%20Bleeding/StemBleeding009.jpg,CC BY 4.0,2026-09-20 03:28:10 UTC,mendeley_coconut_disease/Stem Bleeding/StemBleeding009.jpg,276624,a32148412081b0d39257652b9fea2f99745cdfdf426ebcb5264fe3deb0bfd606,1.0,Authentic raw sample: Stem Bleeding
Coconut Tree Disease Dataset (Mendeley Data / Patil et al.),https://raw.githubusercontent.com/zahid16-code/cocunut-disease-prediction/master/Coconut%20Tree%20Disease%20Dataset/Stem%20Bleeding/StemBleeding010.jpg,CC BY 4.0,2026-09-20 03:28:10 UTC,mendeley_coconut_disease/Stem Bleeding/StemBleeding010.jpg,276413,662df8fd290a721306b3a56c13aba087549f09119ae1d5cef3cf6434f69610bc,1.0,Authentic raw sample: Stem Bleeding
Coconut Tree Disease Dataset (Mendeley Data / Patil et al.),https://raw.githubusercontent.com/zahid16-code/cocunut-disease-prediction/master/Coconut%20Tree%20Disease%20Dataset/Stem%20Bleeding/StemBleeding011.jpg,CC BY 4.0,2026-09-20 03:28:10 UTC,mendeley_coconut_disease/Stem Bleeding/StemBleeding011.jpg,273876,435f74e67ec52269dc0615cac32326820e828962ad70a2ff2421956011bf4d18,1.0,Authentic raw sample: Stem Bleeding
Coconut Tree Disease Dataset (Mendeley Data / Patil et al.),https://raw.githubusercontent.com/zahid16-code/cocunut-disease-prediction/master/Coconut%20Tree%20Disease%20Dataset/Stem%20Bleeding/StemBleeding012.jpg,CC BY 4.0,2026-09-20 03:28:10 UTC,mendeley_coconut_disease/Stem Bleeding/StemBleeding012.jpg,250995,bd0f3752e0587cda8760d634016c1ab3b733e296a3b47c1c9d78e98359573ab2,1.0,Authentic raw sample: Stem Bleeding
Coconut Tree Disease Dataset (Mendeley Data / Patil et al.),https://raw.githubusercontent.com/zahid16-code/cocunut-disease-prediction/master/Coconut%20Tree%20Disease%20Dataset/Stem%20Bleeding/StemBleeding013.jpg,CC BY 4.0,2026-09-20 03:28:10 UTC,mendeley_coconut_disease/Stem Bleeding/StemBleeding013.jpg,269779,a2896e3debe85d91fc38a4c85dfa9d5dc9963b3f654dd0e3911d99cdf6d7c13e,1.0,Authentic raw sample: Stem Bleeding
Coconut Tree Disease Dataset (Mendeley Data / Patil et al.),https://raw.githubusercontent.com/zahid16-code/cocunut-disease-prediction/master/Coconut%20Tree%20Disease%20Dataset/Stem%20Bleeding/StemBleeding014.jpg,CC BY 4.0,2026-09-20 03:28:10 UTC,mendeley_coconut_disease/Stem Bleeding/StemBleeding014.jpg,259272,233043dc5e30fc7dd9420da1be4c4903e1552090dc28bd64c933efdfc6c838c2,1.0,Authentic raw sample: Stem Bleeding
Coconut Tree Disease Dataset (Mendeley Data / Patil et al.),https://raw.githubusercontent.com/zahid16-code/cocunut-disease-prediction/master/Coconut%20Tree%20Disease%20Dataset/Stem%20Bleeding/StemBleeding015.jpg,CC BY 4.0,2026-09-20 03:28:10 UTC,mendeley_coconut_disease/Stem Bleeding/StemBleeding015.jpg,254068,7d18f81c090951291ca20af2bdafbe73d0cb3f7937f1e83c66a1765491ff8a6a,1.0,Authentic raw sample: Stem Bleeding
Coconut Tree Disease Dataset (Mendeley Data / Patil et al.),https://raw.githubusercontent.com/zahid16-code/cocunut-disease-prediction/master/Coconut%20Tree%20Disease%20Dataset/Stem%20Bleeding/StemBleeding016.jpg,CC BY 4.0,2026-09-20 03:28:10 UTC,mendeley_coconut_disease/Stem Bleeding/StemBleeding016.jpg,261015,c2e4c05b7fed74a3e6a7219db6fd1d765e46d11313eb50a017c3e00ed307bb66,1.0,Authentic raw sample: Stem Bleeding
Coconut Tree Disease Dataset (Mendeley Data / Patil et al.),https://raw.githubusercontent.com/zahid16-code/cocunut-disease-prediction/master/Coconut%20Tree%20Disease%20Dataset/Stem%20Bleeding/StemBleeding017.jpg,CC BY 4.0,2026-09-20 03:28:10 UTC,mendeley_coconut_disease/Stem Bleeding/StemBleeding017.jpg,250382,c2380f3308de1d11d38ac52f2a3aeb942c5b96d0c79271ef0fe330d0421bef6c,1.0,Authentic raw sample: Stem Bleeding
Coconut Tree Disease Dataset (Mendeley Data / Patil et al.),https://raw.githubusercontent.com/zahid16-code/cocunut-disease-prediction/master/Coconut%20Tree%20Disease%20Dataset/Stem%20Bleeding/StemBleeding018.jpg,CC BY 4.0,2026-09-20 03:28:10 UTC,mendeley_coconut_disease/Stem Bleeding/StemBleeding018.jpg,254789,3a047bd5d4b777caaba9d73928420f1f7f9e209ff289e7460b40433ca970bad4,1.0,Authentic raw sample: Stem Bleeding
Coconut Tree Disease Dataset (Mendeley Data / Patil et al.),https://raw.githubusercontent.com/zahid16-code/cocunut-disease-prediction/master/Coconut%20Tree%20Disease%20Dataset/Stem%20Bleeding/StemBleeding019.jpg,CC BY 4.0,2026-09-20 03:28:10 UTC,mendeley_coconut_disease/Stem Bleeding/StemBleeding019.jpg,247044,d4e2c4b321b2e6044d14cadd89b87d7e7aaffa528fe2b6d320a8a227b679fc7e,1.0,Authentic raw sample: Stem Bleeding
Coconut Tree Disease Dataset (Mendeley Data / Patil et al.),https://raw.githubusercontent.com/zahid16-code/cocunut-disease-prediction/master/Coconut%20Tree%20Disease%20Dataset/Stem%20Bleeding/StemBleeding020.jpg,CC BY 4.0,2026-09-20 03:28:10 UTC,mendeley_coconut_disease/Stem Bleeding/StemBleeding020.jpg,273157,9089ed5912660a7a4e8975b521d5f9036a886ca05ce54d507b4c9f9766a0f268,1.0,Authentic raw sample: Stem Bleeding
Coconut Tree Disease Dataset (Full Archive),https://data.mendeley.com/datasets/gh56wbsnj5/1,CC BY 4.0,2026-09-20 03:29:27 UTC,Coconut Tree Disease Dataset.zip,1014000000,Pending manual browser download verification,1.0,Manual Download Required: Requires browser session at https://data.mendeley.com/datasets/gh56wbsnj5/1 due to tokenized session redirects. Store into data/raw/
Coconut Tree Disease (Roboflow YOLOv8 Detection),https://universe.roboflow.com/phanidhar-reddy/coconut-tree-disease-vg85j,CC BY 4.0,2026-09-20 03:29:27 UTC,coconut-tree-disease-vg85j-yolov8.zip,Not specified,Pending Roboflow export / API key,v1,API/Manual Download Required: Access via Roboflow Web UI or roboflow Python SDK with API key. Store into data/raw/
Coconut Leaf Disease Dataset (Healthy Control Pool),https://www.kaggle.com/datasets/jigarbaraiya/coconut-leaf-disease-dataset,Apache 2.0,2026-09-20 03:29:27 UTC,coconut-leaf-disease-dataset.zip,Not specified,Pending Kaggle API / manual download,v1,API/Manual Download Required: Run kaggle CLI with kaggle.json or download via Kaggle Web UI. Store into data/raw/
